Server,Time Elapsed(s),Successful Requests,Failed Requests
time.apple.com,1,21,0
time.apple.com,2,21,0
time.apple.com,3,20,0
time.apple.com,4,22,0
time.apple.com,5,22,0
time.apple.com,6,22,0
time.apple.com,7,21,0
time.apple.com,8,22,0
time.apple.com,9,22,0
time.apple.com,10,23,0
time.apple.com,11,22,0
time.apple.com,12,22,0
time.apple.com,13,23,0
time.apple.com,14,22,0
time.apple.com,15,22,0
time.apple.com,16,22,0
time.apple.com,17,23,0
time.apple.com,19,22,0
time.apple.com,20,22,0
time.apple.com,21,22,0
time.apple.com,22,23,0
time.apple.com,23,22,0
time.apple.com,24,23,0
time.apple.com,25,21,0
time.apple.com,26,23,0
time.apple.com,27,23,0
time.apple.com,28,23,0
time.apple.com,29,23,0
time.asia.apple.com,1,21,0
time.asia.apple.com,2,22,0
time.asia.apple.com,3,21,0
time.asia.apple.com,4,22,0
time.asia.apple.com,5,22,0
time.asia.apple.com,6,21,0
time.asia.apple.com,7,21,0
time.asia.apple.com,8,23,0
time.asia.apple.com,9,23,0
time.asia.apple.com,10,23,0
time.asia.apple.com,11,23,0
time.asia.apple.com,12,22,0
time.asia.apple.com,13,22,0
time.asia.apple.com,14,23,0
time.asia.apple.com,15,22,0
time.asia.apple.com,16,22,0
time.asia.apple.com,18,22,0
time.asia.apple.com,19,22,0
time.asia.apple.com,20,21,0
time.asia.apple.com,21,22,0
time.asia.apple.com,22,22,0
time.asia.apple.com,23,21,0
time.asia.apple.com,24,22,0
time.asia.apple.com,25,21,0
time.asia.apple.com,26,21,0
time.asia.apple.com,27,21,0
time.asia.apple.com,28,22,0
time.asia.apple.com,29,21,0
time.euro.apple.com,1,21,0
time.euro.apple.com,2,22,0
time.euro.apple.com,3,19,0
time.euro.apple.com,4,17,0
time.euro.apple.com,5,18,0
time.euro.apple.com,6,18,0
time.euro.apple.com,7,16,0
time.euro.apple.com,8,20,0
time.euro.apple.com,9,19,0
time.euro.apple.com,10,16,0
time.euro.apple.com,11,21,0
time.euro.apple.com,12,23,0
time.euro.apple.com,13,22,0
time.euro.apple.com,14,23,0
time.euro.apple.com,15,22,0
time.euro.apple.com,16,22,0
time.euro.apple.com,17,23,0
time.euro.apple.com,19,23,0
time.euro.apple.com,20,22,0
time.euro.apple.com,21,21,0
time.euro.apple.com,22,23,0
time.euro.apple.com,23,22,0
time.euro.apple.com,24,23,0
time.euro.apple.com,25,22,0
time.euro.apple.com,26,23,0
time.euro.apple.com,27,23,0
time.euro.apple.com,28,22,0
time.euro.apple.com,29,22,0
time.cloudflare.com,1,21,0
time.cloudflare.com,2,20,0
time.cloudflare.com,3,19,0
time.cloudflare.com,4,21,0
time.cloudflare.com,5,20,0
time.cloudflare.com,6,20,0
time.cloudflare.com,7,21,0
time.cloudflare.com,8,21,0
time.cloudflare.com,9,20,0
time.cloudflare.com,10,22,0
time.cloudflare.com,11,21,0
time.cloudflare.com,12,21,0
time.cloudflare.com,13,21,0
time.cloudflare.com,14,21,0
time.cloudflare.com,15,22,0
time.cloudflare.com,16,22,0
time.cloudflare.com,17,21,0
time.cloudflare.com,18,22,0
time.cloudflare.com,20,22,0
time.cloudflare.com,21,21,0
time.cloudflare.com,22,21,0
time.cloudflare.com,23,21,0
time.cloudflare.com,24,21,0
time.cloudflare.com,25,20,0
time.cloudflare.com,26,21,0
time.cloudflare.com,27,21,0
time.cloudflare.com,28,20,0
time.cloudflare.com,29,20,0
time.facebook.com,1,20,0
time.facebook.com,2,20,0
time.facebook.com,3,20,0
time.facebook.com,4,20,0
time.facebook.com,5,20,0
time.facebook.com,6,19,0
time.facebook.com,7,20,0
time.facebook.com,8,20,0
time.facebook.com,9,21,0
time.facebook.com,10,21,0
time.facebook.com,11,21,0
time.facebook.com,12,21,0
time.facebook.com,13,21,0
time.facebook.com,14,21,0
time.facebook.com,15,21,0
time.facebook.com,16,20,0
time.facebook.com,17,19,0
time.facebook.com,18,20,0
time.facebook.com,19,19,0
time.facebook.com,20,20,0
time.facebook.com,21,20,0
time.facebook.com,23,20,0
time.facebook.com,24,20,0
time.facebook.com,25,20,0
time.facebook.com,26,20,0
time.facebook.com,27,20,0
time.facebook.com,28,20,0
time.facebook.com,29,19,0
time1.facebook.com,1,25,0
time1.facebook.com,2,25,0
time1.facebook.com,3,26,0
time1.facebook.com,4,27,0
time1.facebook.com,5,27,0
time1.facebook.com,6,23,0
time1.facebook.com,7,26,0
time1.facebook.com,8,27,0
time1.facebook.com,9,27,0
time1.facebook.com,10,26,0
time1.facebook.com,11,26,0
time1.facebook.com,12,27,0
time1.facebook.com,13,27,0
time1.facebook.com,14,27,0
time1.facebook.com,15,27,0
time1.facebook.com,16,27,0
time1.facebook.com,18,25,0
time1.facebook.com,19,27,0
time1.facebook.com,20,27,0
time1.facebook.com,21,25,0
time1.facebook.com,22,27,0
time1.facebook.com,23,27,0
time1.facebook.com,24,27,0
time1.facebook.com,25,26,0
time1.facebook.com,26,26,0
time1.facebook.com,27,26,0
time1.facebook.com,28,26,0
time1.facebook.com,29,26,0
time2.facebook.com,1,20,0
time2.facebook.com,2,19,0
time2.facebook.com,3,20,0
time2.facebook.com,4,21,0
time2.facebook.com,5,20,0
time2.facebook.com,6,21,0
time2.facebook.com,7,21,0
time2.facebook.com,8,21,0
time2.facebook.com,9,21,0
time2.facebook.com,10,21,0
time2.facebook.com,11,20,0
time2.facebook.com,12,19,0
time2.facebook.com,13,19,0
time2.facebook.com,14,19,0
time2.facebook.com,15,19,0
time2.facebook.com,16,19,0
time2.facebook.com,17,19,0
time2.facebook.com,18,19,0
time2.facebook.com,20,19,0
time2.facebook.com,21,19,0
time2.facebook.com,22,19,0
time2.facebook.com,23,19,0
time2.facebook.com,24,19,0
time2.facebook.com,25,18,0
time2.facebook.com,30,2,1
time3.facebook.com,1,20,0
time3.facebook.com,2,20,0
time3.facebook.com,3,20,0
time3.facebook.com,4,20,0
time3.facebook.com,5,19,0
time3.facebook.com,6,21,0
time3.facebook.com,7,20,0
time3.facebook.com,8,20,0
time3.facebook.com,9,21,0
time3.facebook.com,10,20,0
time3.facebook.com,11,20,0
time3.facebook.com,12,19,0
time3.facebook.com,13,19,0
time3.facebook.com,14,19,0
time3.facebook.com,15,19,0
time3.facebook.com,16,19,0
time3.facebook.com,17,20,0
time3.facebook.com,18,19,0
time3.facebook.com,19,20,0
time3.facebook.com,20,20,0
time3.facebook.com,21,20,0
time3.facebook.com,22,20,0
time3.facebook.com,24,19,0
time3.facebook.com,25,19,0
time3.facebook.com,26,20,0
time3.facebook.com,27,19,0
time3.facebook.com,28,18,0
time3.facebook.com,29,19,0
time4.facebook.com,1,19,0
time4.facebook.com,2,19,0
time4.facebook.com,3,19,0
time4.facebook.com,4,19,0
time4.facebook.com,5,19,0
time4.facebook.com,6,18,0
time4.facebook.com,7,18,0
time4.facebook.com,8,18,0
time4.facebook.com,13,7,1
time4.facebook.com,14,19,0
time4.facebook.com,15,20,0
time4.facebook.com,16,20,0
time4.facebook.com,17,20,0
time4.facebook.com,19,18,0
time4.facebook.com,20,18,0
time4.facebook.com,21,19,0
time4.facebook.com,22,19,0
time4.facebook.com,23,19,0
time4.facebook.com,24,19,0
time4.facebook.com,25,19,0
time4.facebook.com,26,19,0
time4.facebook.com,27,19,0
time4.facebook.com,28,19,0
time4.facebook.com,29,19,0
time5.facebook.com,1,17,0
time5.facebook.com,2,18,0
time5.facebook.com,3,18,0
time5.facebook.com,4,18,0
time5.facebook.com,5,18,0
time5.facebook.com,6,18,0
time5.facebook.com,7,17,0
time5.facebook.com,8,19,0
time5.facebook.com,9,18,0
time5.facebook.com,10,19,0
time5.facebook.com,11,19,0
time5.facebook.com,12,17,0
time5.facebook.com,13,19,0
time5.facebook.com,14,18,0
time5.facebook.com,15,19,0
time5.facebook.com,16,18,0
time5.facebook.com,17,18,0
time5.facebook.com,18,18,0
time5.facebook.com,19,17,0
time5.facebook.com,20,18,0
time5.facebook.com,22,18,0
time5.facebook.com,23,18,0
time5.facebook.com,24,17,0
time5.facebook.com,25,18,0
time5.facebook.com,26,18,0
time5.facebook.com,27,18,0
time5.facebook.com,28,18,0
time5.facebook.com,29,18,0
time.android.com,1,20,0
time.android.com,2,21,0
time.android.com,3,21,0
time.android.com,4,21,0
time.android.com,5,20,0
time.android.com,6,21,0
time.android.com,7,20,0
time.android.com,8,20,0
time.android.com,9,21,0
time.android.com,10,20,0
time.android.com,11,20,0
time.android.com,12,20,0
time.android.com,13,20,0
time.android.com,14,20,0
time.android.com,15,20,0
time.android.com,16,18,0
time.android.com,17,20,0
time.android.com,18,20,0
time.android.com,19,21,0
time.android.com,20,20,0
time.android.com,21,20,0
time.android.com,22,20,0
time.android.com,23,21,0
time.android.com,24,21,0
time.android.com,25,20,0
time.android.com,26,20,0
time.android.com,27,19,0
time.android.com,29,20,0
time.android.com,30,20,0
time.google.com,1,20,0
time.google.com,2,20,0
time.google.com,3,21,0
time.google.com,4,21,0
time.google.com,5,20,0
time.google.com,6,20,0
time.google.com,7,21,0
time.google.com,8,20,0
time.google.com,9,20,0
time.google.com,10,21,0
time.google.com,11,20,0
time.google.com,12,20,0
time.google.com,13,21,0
time.google.com,19,5,1
time.google.com,20,20,0
time.google.com,21,20,0
time.google.com,22,20,0
time.google.com,23,20,0
time.google.com,24,21,0
time.google.com,25,19,0
time.google.com,26,20,0
time.google.com,27,21,0
time.google.com,28,20,0
time.google.com,29,21,0
time1.google.com,1,18,0
time1.google.com,2,20,0
time1.google.com,3,21,0
time1.google.com,4,21,0
time1.google.com,5,21,0
time1.google.com,6,20,0
time1.google.com,7,21,0
time1.google.com,8,21,0
time1.google.com,9,21,0
time1.google.com,10,21,0
time1.google.com,11,21,0
time1.google.com,12,19,0
time1.google.com,13,21,0
time1.google.com,14,20,0
time1.google.com,15,20,0
time1.google.com,16,20,0
time1.google.com,17,20,0
time1.google.com,18,20,0
time1.google.com,19,21,0
time1.google.com,20,20,0
time1.google.com,21,20,0
time1.google.com,22,20,0
time1.google.com,23,19,0
time1.google.com,24,20,0
time1.google.com,25,21,0
time1.google.com,26,20,0
time1.google.com,28,20,0
time1.google.com,29,20,0
time1.google.com,30,20,0
time2.google.com,1,19,0
time2.google.com,2,20,0
time2.google.com,3,20,0
time2.google.com,4,20,0
time2.google.com,5,21,0
time2.google.com,6,21,0
time2.google.com,7,20,0
time2.google.com,8,21,0
time2.google.com,9,21,0
time2.google.com,10,21,0
time2.google.com,11,21,0
time2.google.com,12,21,0
time2.google.com,13,22,0
time2.google.com,14,21,0
time2.google.com,15,20,0
time2.google.com,17,21,0
time2.google.com,18,21,0
time2.google.com,19,21,0
time2.google.com,20,21,0
time2.google.com,21,21,0
time2.google.com,22,21,0
time2.google.com,23,21,0
time2.google.com,24,21,0
time2.google.com,25,21,0
time2.google.com,26,20,0
time2.google.com,27,21,0
time2.google.com,28,21,0
time2.google.com,29,20,0
time3.google.com,1,19,0
time3.google.com,2,20,0
time3.google.com,3,21,0
time3.google.com,4,21,0
time3.google.com,5,21,0
time3.google.com,6,21,0
time3.google.com,7,21,0
time3.google.com,12,5,1
time3.google.com,13,21,0
time3.google.com,14,21,0
time3.google.com,15,22,0
time3.google.com,16,21,0
time3.google.com,18,21,0
time3.google.com,19,21,0
time3.google.com,20,21,0
time3.google.com,21,21,0
time3.google.com,22,21,0
time3.google.com,23,21,0
time3.google.com,24,21,0
time3.google.com,25,21,0
time3.google.com,26,21,0
time3.google.com,27,21,0
time3.google.com,28,21,0
time3.google.com,29,21,0
time4.google.com,1,18,0
time4.google.com,2,21,0
time4.google.com,3,20,0
time4.google.com,4,20,0
time4.google.com,5,19,0
time4.google.com,6,21,0
time4.google.com,7,21,0
time4.google.com,8,21,0
time4.google.com,9,20,0
time4.google.com,10,20,0
time4.google.com,11,19,0
time4.google.com,12,20,0
time4.google.com,13,20,0
time4.google.com,14,19,0
time4.google.com,15,20,0
time4.google.com,16,20,0
time4.google.com,17,20,0
time4.google.com,18,20,0
time4.google.com,19,20,0
time4.google.com,20,20,0
time4.google.com,21,20,0
time4.google.com,22,19,0
time4.google.com,23,19,0
time4.google.com,24,20,0
time4.google.com,25,20,0
time4.google.com,26,20,0
time4.google.com,27,20,0
time4.google.com,29,20,0
time4.google.com,30,20,0
time.windows.com,1,19,0
time.windows.com,2,19,0
time.windows.com,3,19,0
time.windows.com,4,17,0
time.windows.com,5,20,0
time.windows.com,6,19,0
time.windows.com,7,20,0
time.windows.com,8,19,0
time.windows.com,9,19,0
time.windows.com,10,20,0
time.windows.com,11,19,0
time.windows.com,12,19,0
time.windows.com,13,19,0
time.windows.com,14,20,0
time.windows.com,15,19,0
time.windows.com,16,20,0
time.windows.com,18,20,0
time.windows.com,19,19,0
time.windows.com,20,20,0
time.windows.com,21,19,0
time.windows.com,22,19,0
time.windows.com,23,20,0
time.windows.com,24,19,0
time.windows.com,25,19,0
time.windows.com,26,18,0
time.windows.com,27,19,0
time.windows.com,28,18,0
time.windows.com,29,19,0
time-a-b.nist.gov,2,1,0
time-a-b.nist.gov,3,6,0
time-a-b.nist.gov,4,6,0
time-a-b.nist.gov,5,6,0
time-a-b.nist.gov,6,7,0
time-a-b.nist.gov,7,7,0
time-a-b.nist.gov,8,7,0
time-a-b.nist.gov,9,6,0
time-a-b.nist.gov,11,7,0
time-a-b.nist.gov,16,3,1
time-a-b.nist.gov,17,6,0
time-a-b.nist.gov,18,6,0
time-a-b.nist.gov,19,6,0
time-a-b.nist.gov,20,6,0
time-a-b.nist.gov,21,6,0
time-a-b.nist.gov,22,6,0
time-a-b.nist.gov,23,6,0
time-a-b.nist.gov,25,7,0
time-a-b.nist.gov,26,7,0
time-a-b.nist.gov,27,6,0
time-a-b.nist.gov,28,6,0
time-a-b.nist.gov,29,6,0
time-a-b.nist.gov,34,0,1
time-a-g.nist.gov,1,8,0
time-a-g.nist.gov,2,8,0
time-a-g.nist.gov,3,8,0
time-a-g.nist.gov,4,8,0
time-a-g.nist.gov,5,8,0
time-a-g.nist.gov,11,5,1
time-a-g.nist.gov,12,8,0
time-a-g.nist.gov,13,8,0
time-a-g.nist.gov,14,8,0
time-a-g.nist.gov,15,8,0
time-a-g.nist.gov,16,8,0
time-a-g.nist.gov,17,7,0
time-a-g.nist.gov,19,8,0
time-a-g.nist.gov,20,8,0
time-a-g.nist.gov,21,8,0
time-a-g.nist.gov,22,8,0
time-a-g.nist.gov,23,8,0
time-a-g.nist.gov,24,8,0
time-a-g.nist.gov,25,8,0
time-a-g.nist.gov,26,8,0
time-a-g.nist.gov,27,8,0
time-a-g.nist.gov,28,8,0
time-a-g.nist.gov,29,8,0
time-a-wwv.nist.gov,1,6,0
time-a-wwv.nist.gov,2,6,0
time-a-wwv.nist.gov,3,6,0
time-a-wwv.nist.gov,4,6,0
time-a-wwv.nist.gov,9,3,1
time-a-wwv.nist.gov,10,6,0
time-a-wwv.nist.gov,12,7,0
time-a-wwv.nist.gov,13,6,0
time-a-wwv.nist.gov,14,7,0
time-a-wwv.nist.gov,15,6,0
time-a-wwv.nist.gov,16,7,0
time-a-wwv.nist.gov,17,6,0
time-a-wwv.nist.gov,18,6,0
time-a-wwv.nist.gov,19,7,0
time-a-wwv.nist.gov,21,7,0
time-a-wwv.nist.gov,22,6,0
time-a-wwv.nist.gov,23,6,0
time-a-wwv.nist.gov,24,7,0
time-a-wwv.nist.gov,25,6,0
time-a-wwv.nist.gov,26,6,0
time-a-wwv.nist.gov,27,6,0
time-a-wwv.nist.gov,33,5,1
time-b-b.nist.gov,1,6,0
time-b-b.nist.gov,2,6,0
time-b-b.nist.gov,3,7,0
time-b-b.nist.gov,4,7,0
time-b-b.nist.gov,5,7,0
time-b-b.nist.gov,6,7,0
time-b-b.nist.gov,7,6,0
time-b-b.nist.gov,9,6,0
time-b-b.nist.gov,10,6,0
time-b-b.nist.gov,15,4,1
time-b-b.nist.gov,16,6,0
time-b-b.nist.gov,18,7,0
time-b-b.nist.gov,19,7,0
time-b-b.nist.gov,24,3,1
time-b-b.nist.gov,26,7,0
time-b-b.nist.gov,27,6,0
time-b-b.nist.gov,28,6,0
time-b-b.nist.gov,29,6,0
time-b-b.nist.gov,34,4,1
time-b-g.nist.gov,1,8,0
time-b-g.nist.gov,2,8,0
time-b-g.nist.gov,3,8,0
time-b-g.nist.gov,4,8,0
time-b-g.nist.gov,5,8,0
time-b-g.nist.gov,6,8,0
time-b-g.nist.gov,7,8,0
time-b-g.nist.gov,8,8,0
time-b-g.nist.gov,9,7,0
time-b-g.nist.gov,10,8,0
time-b-g.nist.gov,11,8,0
time-b-g.nist.gov,12,8,0
time-b-g.nist.gov,13,8,0
time-b-g.nist.gov,15,8,0
time-b-g.nist.gov,16,8,0
time-b-g.nist.gov,17,8,0
time-b-g.nist.gov,18,8,0
time-b-g.nist.gov,19,8,0
time-b-g.nist.gov,20,8,0
time-b-g.nist.gov,21,8,0
time-b-g.nist.gov,22,8,0
time-b-g.nist.gov,23,8,0
time-b-g.nist.gov,24,8,0
time-b-g.nist.gov,25,8,0
time-b-g.nist.gov,26,8,0
time-b-g.nist.gov,27,8,0
time-b-g.nist.gov,28,8,0
time-b-g.nist.gov,30,8,0
time-b-wwv.nist.gov,1,6,0
time-b-wwv.nist.gov,2,6,0
time-b-wwv.nist.gov,3,6,0
time-b-wwv.nist.gov,4,6,0
time-b-wwv.nist.gov,5,7,0
time-b-wwv.nist.gov,6,7,0
time-b-wwv.nist.gov,7,7,0
time-b-wwv.nist.gov,8,7,0
time-b-wwv.nist.gov,14,6,1
time-b-wwv.nist.gov,16,7,0
time-b-wwv.nist.gov,17,7,0
time-b-wwv.nist.gov,22,0,1
time-b-wwv.nist.gov,23,7,0
time-b-wwv.nist.gov,24,7,0
time-b-wwv.nist.gov,25,7,0
time-b-wwv.nist.gov,27,7,0
time-b-wwv.nist.gov,28,7,0
time-b-wwv.nist.gov,29,6,0
time-c-b.nist.gov,1,6,0
time-c-b.nist.gov,2,6,0
time-c-b.nist.gov,3,6,0
time-c-b.nist.gov,8,2,1
time-c-b.nist.gov,9,7,0
time-c-b.nist.gov,10,7,0
time-c-b.nist.gov,12,7,0
time-c-b.nist.gov,13,7,0
time-c-b.nist.gov,14,7,0
time-c-b.nist.gov,15,7,0
time-c-b.nist.gov,16,7,0
time-c-b.nist.gov,17,6,0
time-c-b.nist.gov,19,7,0
time-c-b.nist.gov,24,1,1
time-c-b.nist.gov,25,7,0
time-c-b.nist.gov,26,7,0
time-c-b.nist.gov,27,7,0
time-c-b.nist.gov,28,6,0
time-c-b.nist.gov,29,6,0
time-c-g.nist.gov,1,8,0
time-c-g.nist.gov,6,3,1
time-c-g.nist.gov,7,8,0
time-c-g.nist.gov,8,8,0
time-c-g.nist.gov,9,8,0
time-c-g.nist.gov,15,7,1
time-c-g.nist.gov,16,8,0
time-c-g.nist.gov,17,8,0
time-c-g.nist.gov,19,8,0
time-c-g.nist.gov,20,8,0
time-c-g.nist.gov,21,8,0
time-c-g.nist.gov,22,8,0
time-c-g.nist.gov,23,8,0
time-c-g.nist.gov,24,8,0
time-c-g.nist.gov,29,2,1
time-c-wwv.nist.gov,1,6,0
time-c-wwv.nist.gov,2,6,0
time-c-wwv.nist.gov,3,7,0
time-c-wwv.nist.gov,4,6,0
time-c-wwv.nist.gov,5,7,0
time-c-wwv.nist.gov,6,6,0
time-c-wwv.nist.gov,7,7,0
time-c-wwv.nist.gov,8,7,0
time-c-wwv.nist.gov,10,7,0
time-c-wwv.nist.gov,11,7,0
time-c-wwv.nist.gov,12,6,0
time-c-wwv.nist.gov,13,7,0
time-c-wwv.nist.gov,14,7,0
time-c-wwv.nist.gov,15,7,0
time-c-wwv.nist.gov,17,7,0
time-c-wwv.nist.gov,18,7,0
time-c-wwv.nist.gov,19,7,0
time-c-wwv.nist.gov,20,7,0
time-c-wwv.nist.gov,21,7,0
time-c-wwv.nist.gov,22,7,0
time-c-wwv.nist.gov,24,4,0
time-c-wwv.nist.gov,25,7,0
time-c-wwv.nist.gov,26,6,0
time-c-wwv.nist.gov,27,7,0
time-c-wwv.nist.gov,28,7,0
time-c-wwv.nist.gov,29,7,0
time-d-b.nist.gov,1,6,0
time-d-b.nist.gov,2,7,0
time-d-b.nist.gov,3,6,0
time-d-b.nist.gov,4,7,0
time-d-b.nist.gov,10,5,1
time-d-b.nist.gov,11,6,0
time-d-b.nist.gov,12,7,0
time-d-b.nist.gov,13,6,0
time-d-b.nist.gov,14,7,0
time-d-b.nist.gov,15,7,0
time-d-b.nist.gov,16,6,0
time-d-b.nist.gov,17,6,0
time-d-b.nist.gov,18,6,0
time-d-b.nist.gov,19,6,0
time-d-b.nist.gov,20,6,0
time-d-b.nist.gov,22,7,0
time-d-b.nist.gov,23,6,0
time-d-b.nist.gov,24,6,0
time-d-b.nist.gov,25,7,0
time-d-b.nist.gov,26,7,0
time-d-b.nist.gov,27,7,0
time-d-b.nist.gov,28,7,0
time-d-b.nist.gov,29,7,0
time-d-g.nist.gov,1,7,0
time-d-g.nist.gov,6,0,1
time-d-g.nist.gov,7,8,0
time-d-g.nist.gov,8,8,0
time-d-g.nist.gov,9,8,0
time-d-g.nist.gov,10,8,0
time-d-g.nist.gov,11,8,0
time-d-g.nist.gov,12,8,0
time-d-g.nist.gov,13,8,0
time-d-g.nist.gov,14,8,0
time-d-g.nist.gov,19,0,1
time-d-g.nist.gov,20,8,0
time-d-g.nist.gov,21,8,0
time-d-g.nist.gov,22,8,0
time-d-g.nist.gov,24,8,0
time-d-g.nist.gov,29,2,1
time-d-wwv.nist.gov,1,6,0
time-d-wwv.nist.gov,2,7,0
time-d-wwv.nist.gov,3,7,0
time-d-wwv.nist.gov,4,7,0
time-d-wwv.nist.gov,5,6,0
time-d-wwv.nist.gov,6,7,0
time-d-wwv.nist.gov,7,7,0
time-d-wwv.nist.gov,9,7,0
time-d-wwv.nist.gov,10,7,0
time-d-wwv.nist.gov,11,7,0
time-d-wwv.nist.gov,12,6,0
time-d-wwv.nist.gov,13,7,0
time-d-wwv.nist.gov,14,7,0
time-d-wwv.nist.gov,16,7,0
time-d-wwv.nist.gov,17,7,0
time-d-wwv.nist.gov,18,7,0
time-d-wwv.nist.gov,19,7,0
time-d-wwv.nist.gov,25,6,1
time-d-wwv.nist.gov,26,6,0
time-d-wwv.nist.gov,32,6,1
time-e-b.nist.gov,1,6,0
time-e-b.nist.gov,2,7,0
time-e-b.nist.gov,3,7,0
time-e-b.nist.gov,4,7,0
time-e-b.nist.gov,5,7,0
time-e-b.nist.gov,6,6,0
time-e-b.nist.gov,7,7,0
time-e-b.nist.gov,13,6,1
time-e-b.nist.gov,14,7,0
time-e-b.nist.gov,16,7,0
time-e-b.nist.gov,21,2,1
time-e-b.nist.gov,22,7,0
time-e-b.nist.gov,23,6,0
time-e-b.nist.gov,24,7,0
time-e-b.nist.gov,26,7,0
time-e-b.nist.gov,27,7,0
time-e-b.nist.gov,28,7,0
time-e-b.nist.gov,29,7,0
time.nist.gov,1,6,0
time.nist.gov,2,7,0
time.nist.gov,3,6,0
time.nist.gov,4,6,0
time.nist.gov,5,6,0
time.nist.gov,6,7,0
time.nist.gov,7,7,0
time.nist.gov,8,7,0
time.nist.gov,14,6,1
time.nist.gov,16,7,0
time.nist.gov,17,7,0
time.nist.gov,18,7,0
time.nist.gov,19,7,0
time.nist.gov,20,6,0
time.nist.gov,21,7,0
time.nist.gov,23,7,0
time.nist.gov,24,7,0
time.nist.gov,25,7,0
time.nist.gov,26,7,0
time.nist.gov,27,7,0
time.nist.gov,29,7,0
utcnist.colorado.edu,1,6,0
utcnist.colorado.edu,2,7,0
utcnist.colorado.edu,3,7,0
utcnist.colorado.edu,4,7,0
utcnist.colorado.edu,5,6,0
utcnist.colorado.edu,6,7,0
utcnist.colorado.edu,7,6,0
utcnist.colorado.edu,9,7,0
utcnist.colorado.edu,10,7,0
utcnist.colorado.edu,11,7,0
utcnist.colorado.edu,12,7,0
utcnist.colorado.edu,13,7,0
utcnist.colorado.edu,15,7,0
utcnist.colorado.edu,16,7,0
utcnist.colorado.edu,17,6,0
utcnist.colorado.edu,18,6,0
utcnist.colorado.edu,19,6,0
utcnist.colorado.edu,20,6,0
utcnist.colorado.edu,21,6,0
utcnist.colorado.edu,22,6,0
utcnist.colorado.edu,23,6,0
utcnist.colorado.edu,24,6,0
utcnist.colorado.edu,26,7,0
utcnist.colorado.edu,27,7,0
utcnist.colorado.edu,28,7,0
utcnist.colorado.edu,29,7,0
utcnist2.colorado.edu,1,6,0
utcnist2.colorado.edu,2,6,0
utcnist2.colorado.edu,3,6,0
utcnist2.colorado.edu,4,7,0
utcnist2.colorado.edu,5,6,0
utcnist2.colorado.edu,6,7,0
utcnist2.colorado.edu,7,7,0
utcnist2.colorado.edu,8,7,0
utcnist2.colorado.edu,14,5,1
utcnist2.colorado.edu,15,7,0
utcnist2.colorado.edu,17,7,0
utcnist2.colorado.edu,18,7,0
utcnist2.colorado.edu,19,6,0
utcnist2.colorado.edu,20,7,0
utcnist2.colorado.edu,21,7,0
utcnist2.colorado.edu,22,6,0
utcnist2.colorado.edu,23,6,0
utcnist2.colorado.edu,24,6,0
utcnist2.colorado.edu,25,6,0
utcnist2.colorado.edu,27,7,0
utcnist2.colorado.edu,28,7,0
utcnist2.colorado.edu,29,7,0
pool.ntp.org,1,17,0
pool.ntp.org,2,17,0
pool.ntp.org,3,17,0
pool.ntp.org,4,16,0
pool.ntp.org,5,18,0
pool.ntp.org,6,17,0
pool.ntp.org,7,17,0
pool.ntp.org,8,18,0
pool.ntp.org,9,18,0
pool.ntp.org,10,17,0
pool.ntp.org,11,18,0
pool.ntp.org,12,17,0
pool.ntp.org,13,17,0
pool.ntp.org,14,17,0
pool.ntp.org,15,16,0
pool.ntp.org,16,18,0
pool.ntp.org,17,18,0
pool.ntp.org,18,19,0
pool.ntp.org,19,18,0
pool.ntp.org,20,18,0
pool.ntp.org,21,18,0
pool.ntp.org,22,18,0
pool.ntp.org,23,18,0
pool.ntp.org,24,18,0
pool.ntp.org,26,18,0
pool.ntp.org,27,17,0
pool.ntp.org,28,18,0
pool.ntp.org,29,18,0
hora.roa.es,1,11,0
hora.roa.es,2,12,0
hora.roa.es,3,12,0
hora.roa.es,8,6,1
hora.roa.es,14,6,1
hora.roa.es,19,7,1
hora.roa.es,25,6,1
hora.roa.es,31,7,1
minuto.roa.es,1,11,0
minuto.roa.es,2,13,0
minuto.roa.es,7,8,1
minuto.roa.es,13,6,1
minuto.roa.es,19,7,1
minuto.roa.es,24,6,1
minuto.roa.es,30,7,1
ntp.fiord.ru,30,0,1
ntp.fizyka.umk.pl,5,2,1
ntp.fizyka.umk.pl,10,0,1
ntp.fizyka.umk.pl,15,1,1
ntp.fizyka.umk.pl,20,0,1
ntp.fizyka.umk.pl,25,1,1
ntp.fizyka.umk.pl,30,0,1
ntp.ix.ru,30,0,1
ntp.se,1,12,0
ntp.se,2,15,0
ntp.se,3,15,0
ntp.se,4,15,0
ntp.se,5,15,0
ntp.se,6,15,0
ntp.se,7,15,0
ntp.se,8,15,0
ntp.se,9,15,0
ntp.se,10,16,0
ntp.se,11,16,0
ntp.se,12,15,0
ntp.se,13,16,0
ntp.se,14,16,0
ntp.se,15,16,0
ntp.se,16,16,0
ntp.se,18,16,0
ntp.se,19,15,0
ntp.se,20,16,0
ntp.se,21,16,0
ntp.se,22,16,0
ntp.se,23,16,0
ntp.se,24,16,0
ntp.se,25,16,0
ntp.se,26,16,0
ntp.se,27,16,0
ntp.se,28,16,0
ntp.se,30,15,0
ntp.time.in.ua,30,0,1
ntp.yycix.ca,5,0,1
ntp.yycix.ca,10,0,1
ntp.yycix.ca,15,0,1
ntp.yycix.ca,20,0,1
ntp.yycix.ca,25,0,1
ntp.yycix.ca,30,0,1
ntp0.nl.uu.net,1,20,0
ntp0.nl.uu.net,2,22,0
ntp0.nl.uu.net,3,23,0
ntp0.nl.uu.net,4,22,0
ntp0.nl.uu.net,5,22,0
ntp0.nl.uu.net,6,22,0
ntp0.nl.uu.net,7,23,0
ntp0.nl.uu.net,8,21,0
ntp0.nl.uu.net,9,23,0
ntp0.nl.uu.net,10,23,0
ntp0.nl.uu.net,11,22,0
ntp0.nl.uu.net,12,23,0
ntp0.nl.uu.net,13,22,0
ntp0.nl.uu.net,15,23,0
ntp0.nl.uu.net,16,21,0
ntp0.nl.uu.net,17,22,0
ntp0.nl.uu.net,18,21,0
ntp0.nl.uu.net,19,21,0
ntp0.nl.uu.net,20,20,0
ntp0.nl.uu.net,21,21,0
ntp0.nl.uu.net,22,21,0
ntp0.nl.uu.net,23,21,0
ntp0.nl.uu.net,24,22,0
ntp0.nl.uu.net,25,21,0
ntp0.nl.uu.net,26,21,0
ntp0.nl.uu.net,27,21,0
ntp0.nl.uu.net,28,20,0
ntp0.nl.uu.net,29,21,0
ntp1.as34288.net,5,17,1
ntp1.as34288.net,11,2,1
ntp1.as34288.net,16,3,1
ntp1.as34288.net,21,3,1
ntp1.as34288.net,26,5,1
ntp1.as34288.net,31,2,1
ntp1.fau.de,5,10,1
ntp1.fau.de,10,1,1
ntp1.fau.de,15,1,1
ntp1.fau.de,20,1,1
ntp1.fau.de,25,1,1
ntp1.fau.de,30,0,1
ntp1.hetzner.de,1,22,0
ntp1.hetzner.de,6,9,1
ntp1.hetzner.de,11,6,1
ntp1.hetzner.de,17,6,1
ntp1.hetzner.de,22,6,1
ntp1.hetzner.de,27,6,1
ntp1.hetzner.de,32,6,1
ntp1.inrim.it,1,15,0
ntp1.inrim.it,2,16,0
ntp1.inrim.it,3,17,0
ntp1.inrim.it,4,16,0
ntp1.inrim.it,5,16,0
ntp1.inrim.it,6,16,0
ntp1.inrim.it,7,17,0
ntp1.inrim.it,8,17,0
ntp1.inrim.it,9,15,0
ntp1.inrim.it,15,14,1
ntp1.inrim.it,16,16,0
ntp1.inrim.it,17,16,0
ntp1.inrim.it,18,16,0
ntp1.inrim.it,24,11,1
ntp1.inrim.it,30,14,1
ntp1.jst.mfeed.ad.jp,1,3,0
ntp1.jst.mfeed.ad.jp,2,3,0
ntp1.jst.mfeed.ad.jp,3,3,0
ntp1.jst.mfeed.ad.jp,4,3,0
ntp1.jst.mfeed.ad.jp,5,3,0
ntp1.jst.mfeed.ad.jp,6,3,0
ntp1.jst.mfeed.ad.jp,7,3,0
ntp1.jst.mfeed.ad.jp,8,4,0
ntp1.jst.mfeed.ad.jp,9,3,0
ntp1.jst.mfeed.ad.jp,10,3,0
ntp1.jst.mfeed.ad.jp,12,3,0
ntp1.jst.mfeed.ad.jp,13,4,0
ntp1.jst.mfeed.ad.jp,14,3,0
ntp1.jst.mfeed.ad.jp,15,3,0
ntp1.jst.mfeed.ad.jp,16,3,0
ntp1.jst.mfeed.ad.jp,17,3,0
ntp1.jst.mfeed.ad.jp,18,3,0
ntp1.jst.mfeed.ad.jp,19,3,0
ntp1.jst.mfeed.ad.jp,20,3,0
ntp1.jst.mfeed.ad.jp,21,3,0
ntp1.jst.mfeed.ad.jp,22,3,0
ntp1.jst.mfeed.ad.jp,23,3,0
ntp1.jst.mfeed.ad.jp,25,3,0
ntp1.jst.mfeed.ad.jp,26,3,0
ntp1.jst.mfeed.ad.jp,27,3,0
ntp1.jst.mfeed.ad.jp,28,4,0
ntp1.jst.mfeed.ad.jp,29,3,0
ntp1.net.berkeley.edu,1,1,0
ntp1.net.berkeley.edu,2,6,0
ntp1.net.berkeley.edu,3,6,0
ntp1.net.berkeley.edu,4,6,0
ntp1.net.berkeley.edu,5,6,0
ntp1.net.berkeley.edu,6,6,0
ntp1.net.berkeley.edu,8,6,0
ntp1.net.berkeley.edu,9,6,0
ntp1.net.berkeley.edu,10,5,0
ntp1.net.berkeley.edu,11,6,0
ntp1.net.berkeley.edu,12,5,0
ntp1.net.berkeley.edu,13,6,0
ntp1.net.berkeley.edu,14,5,0
ntp1.net.berkeley.edu,15,6,0
ntp1.net.berkeley.edu,16,6,0
ntp1.net.berkeley.edu,18,6,0
ntp1.net.berkeley.edu,19,6,0
ntp1.net.berkeley.edu,20,6,0
ntp1.net.berkeley.edu,21,6,0
ntp1.net.berkeley.edu,22,6,0
ntp1.net.berkeley.edu,24,6,0
ntp1.net.berkeley.edu,25,6,0
ntp1.net.berkeley.edu,26,6,0
ntp1.net.berkeley.edu,27,5,0
ntp1.net.berkeley.edu,28,6,0
ntp1.net.berkeley.edu,29,6,0
ntp1.niiftri.irkutsk.ru,30,0,1
ntp1.nl.uu.net,1,22,0
ntp1.nl.uu.net,2,23,0
ntp1.nl.uu.net,3,23,0
ntp1.nl.uu.net,4,22,0
ntp1.nl.uu.net,5,22,0
ntp1.nl.uu.net,6,21,0
ntp1.nl.uu.net,7,21,0
ntp1.nl.uu.net,8,21,0
ntp1.nl.uu.net,9,22,0
ntp1.nl.uu.net,10,22,0
ntp1.nl.uu.net,11,21,0
ntp1.nl.uu.net,12,22,0
ntp1.nl.uu.net,13,22,0
ntp1.nl.uu.net,14,22,0
ntp1.nl.uu.net,15,22,0
ntp1.nl.uu.net,16,20,0
ntp1.nl.uu.net,17,21,0
ntp1.nl.uu.net,18,22,0
ntp1.nl.uu.net,19,22,0
ntp1.nl.uu.net,20,21,0
ntp1.nl.uu.net,21,22,0
ntp1.nl.uu.net,22,22,0
ntp1.nl.uu.net,23,22,0
ntp1.nl.uu.net,24,22,0
ntp1.nl.uu.net,25,22,0
ntp1.nl.uu.net,26,21,0
ntp1.nl.uu.net,27,22,0
ntp1.nl.uu.net,28,22,0
ntp1.nl.uu.net,29,23,0
ntp1.oma.be,5,12,1
ntp1.oma.be,10,0,1
ntp1.oma.be,15,1,1
ntp1.oma.be,20,0,1
ntp1.oma.be,25,1,1
ntp1.oma.be,30,0,1
ntp1.qix.ca,1,8,0
ntp1.qix.ca,2,8,0
ntp1.qix.ca,3,8,0
ntp1.qix.ca,4,8,0
ntp1.qix.ca,5,8,0
ntp1.qix.ca,6,8,0
ntp1.qix.ca,7,8,0
ntp1.qix.ca,8,8,0
ntp1.qix.ca,9,8,0
ntp1.qix.ca,10,8,0
ntp1.qix.ca,11,8,0
ntp1.qix.ca,12,8,0
ntp1.qix.ca,13,8,0
ntp1.qix.ca,14,8,0
ntp1.qix.ca,15,8,0
ntp1.qix.ca,16,8,0
ntp1.qix.ca,17,8,0
ntp1.qix.ca,19,8,0
ntp1.qix.ca,20,8,0
ntp1.qix.ca,21,8,0
ntp1.qix.ca,22,8,0
ntp1.qix.ca,23,8,0
ntp1.qix.ca,24,8,0
ntp1.qix.ca,25,8,0
ntp1.qix.ca,26,8,0
ntp1.qix.ca,27,8,0
ntp1.qix.ca,28,8,0
ntp1.qix.ca,29,7,0
ntp1.stratum1.ru,30,0,1
ntp1.time.nl,5,2,1
ntp1.time.nl,10,0,1
ntp1.time.nl,15,0,1
ntp1.time.nl,16,0,40
ntp1.time.nl,17,0,39
ntp1.time.nl,18,0,41
ntp1.time.nl,19,0,41
ntp1.time.nl,20,0,42
ntp1.time.nl,21,0,42
ntp1.time.nl,22,0,42
ntp1.time.nl,23,0,40
ntp1.time.nl,24,0,41
ntp1.time.nl,25,0,41
ntp1.time.nl,26,0,42
ntp1.time.nl,27,0,41
ntp1.time.nl,28,0,40
ntp1.time.nl,29,0,42
ntp1.vniiftri.ru,1,0,41
ntp1.vniiftri.ru,2,0,41
ntp1.vniiftri.ru,3,0,41
ntp1.vniiftri.ru,4,0,40
ntp1.vniiftri.ru,5,0,40
ntp1.vniiftri.ru,6,0,40
ntp1.vniiftri.ru,7,0,41
ntp1.vniiftri.ru,8,0,41
ntp1.vniiftri.ru,9,0,41
ntp1.vniiftri.ru,10,0,41
ntp1.vniiftri.ru,11,0,40
ntp1.vniiftri.ru,12,0,42
ntp1.vniiftri.ru,13,0,40
ntp1.vniiftri.ru,14,0,40
ntp1.vniiftri.ru,15,0,41
ntp1.vniiftri.ru,16,0,42
ntp1.vniiftri.ru,17,0,41
ntp1.vniiftri.ru,18,0,37
ntp1.vniiftri.ru,19,0,41
ntp1.vniiftri.ru,20,0,41
ntp1.vniiftri.ru,21,0,41
ntp1.vniiftri.ru,22,0,41
ntp1.vniiftri.ru,23,0,40
ntp1.vniiftri.ru,24,0,41
ntp1.vniiftri.ru,25,0,40
ntp1.vniiftri.ru,26,0,40
ntp1.vniiftri.ru,27,0,41
ntp1.vniiftri.ru,28,0,40
ntp1.vniiftri.ru,29,0,39
ntp2.fau.de,1,0,40
ntp2.fau.de,2,0,40
ntp2.fau.de,3,0,39
ntp2.fau.de,4,0,41
ntp2.fau.de,5,0,40
ntp2.fau.de,6,0,41
ntp2.fau.de,7,0,40
ntp2.fau.de,8,0,40
ntp2.fau.de,9,0,40
ntp2.fau.de,10,0,41
ntp2.fau.de,11,0,41
ntp2.fau.de,12,0,40
ntp2.fau.de,13,0,41
ntp2.fau.de,14,0,40
ntp2.fau.de,15,0,41
ntp2.fau.de,16,0,38
ntp2.fau.de,17,0,39
ntp2.fau.de,18,0,42
ntp2.fau.de,20,1,41
ntp2.fau.de,21,14,0
ntp2.fau.de,22,23,0
ntp2.fau.de,23,21,0
ntp2.fau.de,24,10,0
ntp2.fau.de,25,16,0
ntp2.fau.de,30,1,1
ntp2.hetzner.de,1,0,41
ntp2.hetzner.de,2,0,41
ntp2.hetzner.de,7,0,37
ntp2.hetzner.de,8,0,42
ntp2.hetzner.de,10,4,28
ntp2.hetzner.de,15,2,1
ntp2.hetzner.de,16,0,42
ntp2.hetzner.de,17,0,41
ntp2.hetzner.de,18,0,41
ntp2.hetzner.de,24,0,26
ntp2.hetzner.de,25,10,0
ntp2.hetzner.de,26,18,0
ntp2.hetzner.de,31,4,1
ntp2.inrim.it,1,5,0
ntp2.inrim.it,2,5,0
ntp2.inrim.it,3,9,0
ntp2.inrim.it,8,4,1
ntp2.inrim.it,9,16,0
ntp2.inrim.it,10,7,0
ntp2.inrim.it,11,5,0
ntp2.inrim.it,12,9,0
ntp2.inrim.it,13,15,0
ntp2.inrim.it,14,16,0
ntp2.inrim.it,15,14,0
ntp2.inrim.it,16,16,0
ntp2.inrim.it,17,15,0
ntp2.inrim.it,18,14,0
ntp2.inrim.it,19,15,0
ntp2.inrim.it,20,15,0
ntp2.inrim.it,21,16,0
ntp2.inrim.it,22,16,0
ntp2.inrim.it,24,16,0
ntp2.inrim.it,25,15,0
ntp2.inrim.it,26,11,0
ntp2.inrim.it,27,6,0
ntp2.inrim.it,28,5,0
ntp2.inrim.it,29,7,0
ntp2.jst.mfeed.ad.jp,1,3,0
ntp2.jst.mfeed.ad.jp,2,4,0
ntp2.jst.mfeed.ad.jp,3,4,0
ntp2.jst.mfeed.ad.jp,4,3,0
ntp2.jst.mfeed.ad.jp,5,4,0
ntp2.jst.mfeed.ad.jp,7,4,0
ntp2.jst.mfeed.ad.jp,8,3,0
ntp2.jst.mfeed.ad.jp,9,3,0
ntp2.jst.mfeed.ad.jp,10,3,0
ntp2.jst.mfeed.ad.jp,11,4,0
ntp2.jst.mfeed.ad.jp,12,4,0
ntp2.jst.mfeed.ad.jp,14,4,0
ntp2.jst.mfeed.ad.jp,15,4,0
ntp2.jst.mfeed.ad.jp,16,3,0
ntp2.jst.mfeed.ad.jp,17,3,0
ntp2.jst.mfeed.ad.jp,18,4,0
ntp2.jst.mfeed.ad.jp,19,4,0
ntp2.jst.mfeed.ad.jp,21,3,0
ntp2.jst.mfeed.ad.jp,22,4,0
ntp2.jst.mfeed.ad.jp,23,4,0
ntp2.jst.mfeed.ad.jp,24,4,0
ntp2.jst.mfeed.ad.jp,25,3,0
ntp2.jst.mfeed.ad.jp,26,3,0
ntp2.jst.mfeed.ad.jp,27,3,0
ntp2.jst.mfeed.ad.jp,29,4,0
ntp2.net.berkeley.edu,1,4,0
ntp2.net.berkeley.edu,2,6,0
ntp2.net.berkeley.edu,3,6,0
ntp2.net.berkeley.edu,4,6,0
ntp2.net.berkeley.edu,5,6,0
ntp2.net.berkeley.edu,6,6,0
ntp2.net.berkeley.edu,8,6,0
ntp2.net.berkeley.edu,9,6,0
ntp2.net.berkeley.edu,10,6,0
ntp2.net.berkeley.edu,11,6,0
ntp2.net.berkeley.edu,12,6,0
ntp2.net.berkeley.edu,13,6,0
ntp2.net.berkeley.edu,14,6,0
ntp2.net.berkeley.edu,16,6,0
ntp2.net.berkeley.edu,17,6,0
ntp2.net.berkeley.edu,18,6,0
ntp2.net.berkeley.edu,19,6,0
ntp2.net.berkeley.edu,20,6,0
ntp2.net.berkeley.edu,21,6,0
ntp2.net.berkeley.edu,23,6,0
ntp2.net.berkeley.edu,24,6,0
ntp2.net.berkeley.edu,25,6,0
ntp2.net.berkeley.edu,26,6,0
ntp2.net.berkeley.edu,27,6,0
ntp2.net.berkeley.edu,28,6,0
ntp2.net.berkeley.edu,29,6,0
ntp2.niiftri.irkutsk.ru,30,0,1
ntp2.oma.be,1,18,0
ntp2.oma.be,2,11,0
ntp2.oma.be,3,18,0
ntp2.oma.be,4,19,0
ntp2.oma.be,5,19,0
ntp2.oma.be,6,15,0
ntp2.oma.be,7,16,0
ntp2.oma.be,8,18,0
ntp2.oma.be,9,18,0
ntp2.oma.be,10,18,0
ntp2.oma.be,11,19,0
ntp2.oma.be,12,15,0
ntp2.oma.be,463,18,0
ntp2.qix.ca,1,0,10
ntp2.qix.ca,2,0,37
ntp2.qix.ca,3,0,36
ntp2.qix.ca,4,0,36
ntp2.qix.ca,5,0,27
ntp2.qix.ca,6,0,37
ntp2.qix.ca,7,0,38
ntp2.qix.ca,8,0,38
ntp2.qix.ca,9,0,36
ntp2.qix.ca,10,0,36
ntp2.qix.ca,11,0,36
ntp2.qix.ca,12,0,36
ntp2.qix.ca,13,0,37
ntp2.qix.ca,14,0,35
ntp2.qix.ca,15,0,38
ntp2.qix.ca,16,0,36
ntp2.qix.ca,17,0,37
ntp2.qix.ca,18,0,37
ntp2.qix.ca,19,0,36
ntp2.qix.ca,20,0,37
ntp2.qix.ca,21,0,37
ntp2.qix.ca,22,0,36
ntp2.qix.ca,23,0,36
ntp2.qix.ca,24,0,37
ntp2.qix.ca,25,0,37
ntp2.qix.ca,26,0,36
ntp2.qix.ca,27,0,37
ntp2.qix.ca,28,0,37
ntp2.qix.ca,29,0,36
ntp2.stratum2.ru,1,0,36
ntp2.stratum2.ru,2,0,36
ntp2.stratum2.ru,3,0,37
ntp2.stratum2.ru,4,0,38
ntp2.stratum2.ru,5,0,36
ntp2.stratum2.ru,6,0,38
ntp2.stratum2.ru,956,0,20
ntp2.time.in.ua,1,0,29
ntp2.time.in.ua,2,0,38
ntp2.time.in.ua,3,0,35
ntp2.time.in.ua,586,0,28
ntp2.time.nl,1,0,36
ntp2.time.nl,2,0,39
ntp2.time.nl,3,0,36
ntp2.time.nl,4,0,35
ntp2.time.nl,5,0,36
ntp2.time.nl,6,0,37
ntp2.time.nl,7,0,37
ntp2.time.nl,8,0,36
ntp2.time.nl,130,1,3
ntp21.vniiftri.ru,1,2,0
ntp21.vniiftri.ru,6,1,0
ntp21.vniiftri.ru,11,3,1
ntp21.vniiftri.ru,16,0,1
ntp21.vniiftri.ru,21,1,1
ntp21.vniiftri.ru,26,0,1
ntp21.vniiftri.ru,32,1,1
ntp3.hetzner.de,1,1,0
ntp3.hetzner.de,2,15,0
ntp3.hetzner.de,3,17,0
ntp3.hetzner.de,8,1,1
ntp3.hetzner.de,13,6,1
ntp3.hetzner.de,19,7,1
ntp3.hetzner.de,24,6,1
ntp3.hetzner.de,30,6,1
ntp3.stratum2.ru,5,0,1
ntp3.stratum2.ru,10,0,1
ntp3.stratum2.ru,15,0,1
ntp3.stratum2.ru,20,0,1
ntp3.stratum2.ru,25,0,1
ntp3.stratum2.ru,30,0,1
ntp4.stratum2.ru,4,1,0
ntp4.stratum2.ru,5,11,0
ntp4.stratum2.ru,6,10,0
ntp4.stratum2.ru,7,11,0
ntp4.stratum2.ru,8,11,0
ntp4.stratum2.ru,9,10,0
ntp4.stratum2.ru,10,9,0
ntp4.stratum2.ru,11,11,0
ntp4.stratum2.ru,12,11,0
ntp4.stratum2.ru,13,10,0
ntp4.stratum2.ru,14,11,0
ntp4.stratum2.ru,16,9,0
ntp4.stratum2.ru,17,11,0
ntp4.stratum2.ru,18,10,0
ntp4.stratum2.ru,19,10,0
ntp4.stratum2.ru,20,8,0
ntp4.stratum2.ru,21,11,0
ntp4.stratum2.ru,22,10,0
ntp4.stratum2.ru,23,11,0
ntp4.stratum2.ru,24,10,0
ntp4.stratum2.ru,25,11,0
ntp4.stratum2.ru,26,11,0
ntp4.stratum2.ru,28,9,0
ntp4.stratum2.ru,29,10,0
ntp5.stratum1.ru,1,9,0
ntp5.stratum1.ru,2,10,0
ntp5.stratum1.ru,3,10,0
ntp5.stratum1.ru,4,11,0
ntp5.stratum1.ru,5,10,0
ntp5.stratum1.ru,6,10,0
ntp5.stratum1.ru,7,10,0
ntp5.stratum1.ru,8,10,0
ntp5.stratum1.ru,13,2,1
ntp5.stratum1.ru,14,10,0
ntp5.stratum1.ru,15,10,0
ntp5.stratum1.ru,17,10,0
ntp5.stratum1.ru,18,10,0
ntp5.stratum1.ru,19,8,0
ntp5.stratum1.ru,20,10,0
ntp5.stratum1.ru,21,10,0
ntp5.stratum1.ru,22,10,0
ntp5.stratum1.ru,23,11,0
ntp5.stratum1.ru,24,9,0
ntp5.stratum1.ru,25,10,0
ntp5.stratum1.ru,26,10,0
ntp5.stratum1.ru,27,10,0
ntp5.stratum1.ru,28,10,0
ntp5.stratum1.ru,29,9,0
ntps1-0.cs.tu-berlin.de,1,11,0
ntps1-0.cs.tu-berlin.de,2,15,0
ntps1-0.cs.tu-berlin.de,3,13,0
ntps1-0.cs.tu-berlin.de,4,15,0
ntps1-0.cs.tu-berlin.de,9,9,1
ntps1-0.cs.tu-berlin.de,15,8,1
ntps1-0.cs.tu-berlin.de,21,11,1
ntps1-0.cs.tu-berlin.de,26,1,1
ntps1-0.cs.tu-berlin.de,31,1,1
ntps1-0.uni-erlangen.de,5,9,1
ntps1-0.uni-erlangen.de,10,1,1
ntps1-0.uni-erlangen.de,16,1,1
ntps1-0.uni-erlangen.de,21,1,1
ntps1-0.uni-erlangen.de,26,1,1
ntps1-0.uni-erlangen.de,31,1,1
ntps1-1.uni-erlangen.de,3,1,0
ntps1-1.uni-erlangen.de,8,5,1
ntps1-1.uni-erlangen.de,13,0,1
ntps1-1.uni-erlangen.de,18,0,1
ntps1-1.uni-erlangen.de,23,0,1
ntps1-1.uni-erlangen.de,28,0,1
ntps1-1.uni-erlangen.de,33,0,1
ptbtime1.ptb.de,1,14,0
ptbtime1.ptb.de,2,15,0
ptbtime1.ptb.de,3,15,0
ptbtime1.ptb.de,4,15,0
ptbtime1.ptb.de,5,16,0
ptbtime1.ptb.de,6,10,0
ptbtime1.ptb.de,7,13,0
ptbtime1.ptb.de,8,16,0
ptbtime1.ptb.de,9,14,0
ptbtime1.ptb.de,10,14,0
ptbtime1.ptb.de,11,15,0
ptbtime1.ptb.de,12,16,0
ptbtime1.ptb.de,13,14,0
ptbtime1.ptb.de,15,14,0
ptbtime1.ptb.de,16,14,0
ptbtime1.ptb.de,17,14,0
ptbtime1.ptb.de,18,14,0
ptbtime1.ptb.de,19,10,0
ptbtime1.ptb.de,20,13,0
ptbtime1.ptb.de,21,14,0
ptbtime1.ptb.de,22,15,0
ptbtime1.ptb.de,23,15,0
ptbtime1.ptb.de,24,15,0
ptbtime1.ptb.de,25,16,0
ptbtime1.ptb.de,26,15,0
ptbtime1.ptb.de,27,15,0
ptbtime1.ptb.de,28,13,0
ptbtime1.ptb.de,29,14,0
ptbtime2.ptb.de,1,14,0
ptbtime2.ptb.de,2,15,0
ptbtime2.ptb.de,3,16,0
ptbtime2.ptb.de,4,15,0
ptbtime2.ptb.de,5,15,0
ptbtime2.ptb.de,6,16,0
ptbtime2.ptb.de,7,16,0
ptbtime2.ptb.de,8,14,0
ptbtime2.ptb.de,9,16,0
ptbtime2.ptb.de,10,16,0
ptbtime2.ptb.de,11,15,0
ptbtime2.ptb.de,12,14,0
ptbtime2.ptb.de,13,16,0
ptbtime2.ptb.de,14,16,0
ptbtime2.ptb.de,16,15,0
ptbtime2.ptb.de,17,16,0
ptbtime2.ptb.de,18,15,0
ptbtime2.ptb.de,19,15,0
ptbtime2.ptb.de,20,13,0
ptbtime2.ptb.de,21,12,0
ptbtime2.ptb.de,22,16,0
ptbtime2.ptb.de,23,15,0
ptbtime2.ptb.de,24,13,0
ptbtime2.ptb.de,25,15,0
ptbtime2.ptb.de,26,13,0
ptbtime2.ptb.de,27,15,0
ptbtime2.ptb.de,28,14,0
ptbtime2.ptb.de,29,15,0
rustime02.rus.uni-stuttgart.de,1,15,0
rustime02.rus.uni-stuttgart.de,2,13,0
rustime02.rus.uni-stuttgart.de,3,16,0
rustime02.rus.uni-stuttgart.de,4,15,0
rustime02.rus.uni-stuttgart.de,5,16,0
rustime02.rus.uni-stuttgart.de,6,16,0
rustime02.rus.uni-stuttgart.de,7,17,0
rustime02.rus.uni-stuttgart.de,8,17,0
rustime02.rus.uni-stuttgart.de,9,16,0
rustime02.rus.uni-stuttgart.de,10,16,0
rustime02.rus.uni-stuttgart.de,11,13,0
rustime02.rus.uni-stuttgart.de,12,16,0
rustime02.rus.uni-stuttgart.de,13,15,0
rustime02.rus.uni-stuttgart.de,14,15,0
rustime02.rus.uni-stuttgart.de,15,13,0
rustime02.rus.uni-stuttgart.de,17,17,0
rustime02.rus.uni-stuttgart.de,18,14,0
rustime02.rus.uni-stuttgart.de,19,17,0
rustime02.rus.uni-stuttgart.de,20,15,0
rustime02.rus.uni-stuttgart.de,21,11,0
rustime02.rus.uni-stuttgart.de,22,15,0
rustime02.rus.uni-stuttgart.de,23,16,0
rustime02.rus.uni-stuttgart.de,24,17,0
rustime02.rus.uni-stuttgart.de,25,16,0
rustime02.rus.uni-stuttgart.de,30,0,1
svl2.ntp.se,3,1,0
svl2.ntp.se,4,11,0
svl2.ntp.se,5,8,0
svl2.ntp.se,6,12,0
svl2.ntp.se,7,12,0
svl2.ntp.se,8,11,0
svl2.ntp.se,9,12,0
svl2.ntp.se,10,11,0
svl2.ntp.se,11,9,0
svl2.ntp.se,12,12,0
svl2.ntp.se,13,9,0
svl2.ntp.se,14,10,0
svl2.ntp.se,16,10,0
svl2.ntp.se,17,11,0
svl2.ntp.se,18,11,0
svl2.ntp.se,19,9,0
svl2.ntp.se,20,10,0
svl2.ntp.se,21,11,0
svl2.ntp.se,22,12,0
svl2.ntp.se,23,12,0
svl2.ntp.se,24,10,0
svl2.ntp.se,26,11,0
svl2.ntp.se,27,10,0
svl2.ntp.se,28,12,0
svl2.ntp.se,29,9,0
tempus2.gum.gov.pl,1,8,0
tempus2.gum.gov.pl,2,10,0
tempus2.gum.gov.pl,7,9,1
tempus2.gum.gov.pl,9,11,0
tempus2.gum.gov.pl,10,11,0
tempus2.gum.gov.pl,11,10,0
tempus2.gum.gov.pl,12,10,0
tempus2.gum.gov.pl,13,12,0
tempus2.gum.gov.pl,14,8,0
tempus2.gum.gov.pl,15,8,0
tempus2.gum.gov.pl,16,9,0
tempus2.gum.gov.pl,17,11,0
tempus2.gum.gov.pl,18,9,0
tempus2.gum.gov.pl,19,10,0
tempus2.gum.gov.pl,20,10,0
tempus2.gum.gov.pl,22,11,0
tempus2.gum.gov.pl,23,11,0
tempus2.gum.gov.pl,24,11,0
tempus2.gum.gov.pl,25,8,0
tempus2.gum.gov.pl,26,10,0
tempus2.gum.gov.pl,27,11,0
tempus2.gum.gov.pl,28,12,0
tempus2.gum.gov.pl,34,8,1
time-a.as43289.net,3,1,0
time-a.as43289.net,4,11,0
time-a.as43289.net,5,11,0
time-a.as43289.net,6,10,0
time-a.as43289.net,7,9,0
time-a.as43289.net,8,11,0
time-a.as43289.net,9,10,0
time-a.as43289.net,10,10,0
time-a.as43289.net,11,11,0
time-a.as43289.net,12,10,0
time-a.as43289.net,13,11,0
time-a.as43289.net,14,9,0
time-a.as43289.net,15,11,0
time-a.as43289.net,16,9,0
time-a.as43289.net,17,10,0
time-a.as43289.net,18,10,0
time-a.as43289.net,20,10,0
time-a.as43289.net,21,9,0
time-a.as43289.net,22,10,0
time-a.as43289.net,23,11,0
time-a.as43289.net,24,11,0
time-a.as43289.net,25,11,0
time-a.as43289.net,26,10,0
time-a.as43289.net,27,9,0
time-a.as43289.net,28,10,0
time-a.as43289.net,29,10,0
time-b.as43289.net,1,10,0
time-b.as43289.net,2,10,0
time-b.as43289.net,3,11,0
time-b.as43289.net,4,9,0
time-b.as43289.net,5,11,0
time-b.as43289.net,6,11,0
time-b.as43289.net,7,8,0
time-b.as43289.net,8,10,0
time-b.as43289.net,9,11,0
time-b.as43289.net,10,11,0
time-b.as43289.net,11,10,0
time-b.as43289.net,12,10,0
time-b.as43289.net,13,12,0
time-b.as43289.net,14,11,0
time-b.as43289.net,15,11,0
time-b.as43289.net,16,10,0
time-b.as43289.net,17,11,0
time-b.as43289.net,18,10,0
time-b.as43289.net,19,11,0
time-b.as43289.net,20,10,0
time-b.as43289.net,22,10,0
time-b.as43289.net,23,10,0
time-b.as43289.net,24,12,0
time-b.as43289.net,25,11,0
time-b.as43289.net,26,11,0
time-b.as43289.net,27,11,0
time-b.as43289.net,28,11,0
time-b.as43289.net,29,11,0
time-c.as43289.net,1,10,0
time-c.as43289.net,2,11,0
time-c.as43289.net,3,11,0
time-c.as43289.net,4,10,0
time-c.as43289.net,5,11,0
time-c.as43289.net,6,11,0
time-c.as43289.net,7,10,0
time-c.as43289.net,8,11,0
time-c.as43289.net,9,11,0
time-c.as43289.net,10,10,0
time-c.as43289.net,11,11,0
time-c.as43289.net,12,11,0
time-c.as43289.net,13,11,0
time-c.as43289.net,14,11,0
time-c.as43289.net,15,11,0
time-c.as43289.net,16,11,0
time-c.as43289.net,17,10,0
time-c.as43289.net,18,10,0
time-c.as43289.net,19,11,0
time-c.as43289.net,20,9,0
time-c.as43289.net,21,11,0
time-c.as43289.net,23,11,0
time-c.as43289.net,24,11,0
time-c.as43289.net,25,11,0
time-c.as43289.net,26,8,0
time-c.as43289.net,27,7,0
time-c.as43289.net,28,11,0
time-c.as43289.net,29,11,0
time.esa.int,1,14,0
time.esa.int,2,15,0
time.esa.int,3,12,0
time.esa.int,4,14,0
time.esa.int,5,14,0
time.esa.int,6,13,0
time.esa.int,7,15,0
time.esa.int,8,15,0
time.esa.int,9,14,0
time.esa.int,10,13,0
time.esa.int,11,13,0
time.esa.int,12,15,0
time.esa.int,13,15,0
time.esa.int,14,14,0
time.esa.int,15,11,0
time.esa.int,16,14,0
time.esa.int,22,13,1
time.esa.int,23,14,0
time.esa.int,24,14,0
time.esa.int,25,15,0
time.esa.int,26,14,0
time.esa.int,27,13,0
time.esa.int,29,16,0
time.esa.int,30,14,0
time.fu-berlin.de,1,13,0
time.fu-berlin.de,2,12,0
time.fu-berlin.de,3,13,0
time.fu-berlin.de,4,15,0
time.fu-berlin.de,5,15,0
time.fu-berlin.de,6,13,0
time.fu-berlin.de,7,13,0
time.fu-berlin.de,8,15,0
time.fu-berlin.de,9,14,0
time.fu-berlin.de,10,13,0
time.fu-berlin.de,11,16,0
time.fu-berlin.de,12,15,0
time.fu-berlin.de,13,15,0
time.fu-berlin.de,14,16,0
time.fu-berlin.de,15,16,0
time.fu-berlin.de,16,13,0
time.fu-berlin.de,17,15,0
time.fu-berlin.de,18,17,0
time.fu-berlin.de,19,16,0
time.fu-berlin.de,21,14,0
time.fu-berlin.de,22,14,0
time.fu-berlin.de,23,15,0
time.fu-berlin.de,24,16,0
time.fu-berlin.de,25,13,0
time.fu-berlin.de,26,16,0
time.fu-berlin.de,27,16,0
time.fu-berlin.de,28,17,0
time.fu-berlin.de,29,17,0
time.nrc.ca,1,6,0
time.nrc.ca,6,3,1
time.nrc.ca,7,6,0
time.nrc.ca,13,3,1
time.nrc.ca,14,7,0
time.nrc.ca,15,6,0
time.nrc.ca,21,4,1
time.nrc.ca,22,6,0
time.nrc.ca,23,7,0
time.nrc.ca,24,6,0
time.nrc.ca,29,2,1
time.ufe.cz,1,11,0
time.ufe.cz,2,15,0
time.ufe.cz,3,15,0
time.ufe.cz,4,16,0
time.ufe.cz,5,17,0
time.ufe.cz,6,13,0
time.ufe.cz,7,16,0
time.ufe.cz,8,16,0
time.ufe.cz,9,15,0
time.ufe.cz,10,12,0
time.ufe.cz,11,17,0
time.ufe.cz,12,17,0
time.ufe.cz,13,16,0
time.ufe.cz,15,16,0
time.ufe.cz,16,16,0
time.ufe.cz,17,14,0
time.ufe.cz,18,16,0
time.ufe.cz,19,16,0
time.ufe.cz,20,15,0
time.ufe.cz,21,15,0
time.ufe.cz,22,12,0
time.ufe.cz,23,13,0
time.ufe.cz,24,16,0
time.ufe.cz,25,15,0
time.ufe.cz,26,15,0
time.ufe.cz,27,15,0
time.ufe.cz,28,16,0
time.ufe.cz,29,16,0
time1.esa.int,1,14,0
time1.esa.int,2,14,0
time1.esa.int,3,14,0
time1.esa.int,4,14,0
time1.esa.int,5,14,0
time1.esa.int,6,14,0
time1.esa.int,7,15,0
time1.esa.int,8,14,0
time1.esa.int,9,15,0
time1.esa.int,10,10,0
time1.esa.int,11,15,0
time1.esa.int,12,15,0
time1.esa.int,13,14,0
time1.esa.int,14,14,0
time1.esa.int,15,12,0
time1.esa.int,16,13,0
time1.esa.int,17,14,0
time1.esa.int,18,15,0
time1.esa.int,19,14,0
time1.esa.int,20,11,0
time1.esa.int,21,14,0
time1.esa.int,22,14,0
time1.esa.int,23,14,0
time1.esa.int,25,16,0
time1.esa.int,26,15,0
time1.esa.int,27,15,0
time1.esa.int,28,14,0
time1.esa.int,29,15,0
timekeeper.isi.edu,3,1,0
timekeeper.isi.edu,4,3,0
timekeeper.isi.edu,5,4,0
timekeeper.isi.edu,6,4,0
timekeeper.isi.edu,8,4,0
timekeeper.isi.edu,9,4,0
timekeeper.isi.edu,10,3,0
timekeeper.isi.edu,11,4,0
timekeeper.isi.edu,13,4,0
timekeeper.isi.edu,14,4,0
timekeeper.isi.edu,15,4,0
timekeeper.isi.edu,16,4,0
timekeeper.isi.edu,18,4,0
timekeeper.isi.edu,19,4,0
timekeeper.isi.edu,20,3,0
timekeeper.isi.edu,21,4,0
timekeeper.isi.edu,27,3,1
timekeeper.isi.edu,28,3,0
timekeeper.isi.edu,29,3,0
tock.usask.ca,1,5,0
tock.usask.ca,2,6,0
tock.usask.ca,3,6,0
tock.usask.ca,4,6,0
tock.usask.ca,5,6,0
tock.usask.ca,6,6,0
tock.usask.ca,7,6,0
tock.usask.ca,8,6,0
tock.usask.ca,9,6,0
tock.usask.ca,10,6,0
tock.usask.ca,11,6,0
tock.usask.ca,12,6,0
tock.usask.ca,13,6,0
tock.usask.ca,14,6,0
tock.usask.ca,16,6,0
tock.usask.ca,17,6,0
tock.usask.ca,18,6,0
tock.usask.ca,19,6,0
tock.usask.ca,20,6,0
tock.usask.ca,21,6,0
tock.usask.ca,22,6,0
tock.usask.ca,23,6,0
tock.usask.ca,24,6,0
tock.usask.ca,25,6,0
tock.usask.ca,26,6,0
tock.usask.ca,27,6,0
tock.usask.ca,33,2,1
ts1.aco.net,3,1,0
ts1.aco.net,4,17,0
ts1.aco.net,5,18,0
ts1.aco.net,6,16,0
ts1.aco.net,7,9,0
ts1.aco.net,8,18,0
ts1.aco.net,9,18,0
ts1.aco.net,10,17,0
ts1.aco.net,11,17,0
ts1.aco.net,12,18,0
ts1.aco.net,13,16,0
ts1.aco.net,14,17,0
ts1.aco.net,15,17,0
ts1.aco.net,16,10,0
ts1.aco.net,17,16,0
ts1.aco.net,18,18,0
ts1.aco.net,19,17,0
ts1.aco.net,20,17,0
ts1.aco.net,21,15,0
ts1.aco.net,23,16,0
ts1.aco.net,24,14,0
ts1.aco.net,25,17,0
ts1.aco.net,26,13,0
ts1.aco.net,27,14,0
ts1.aco.net,28,11,0
ts1.aco.net,29,17,0
vniiftri.khv.ru,1,5,0
vniiftri.khv.ru,2,5,0
vniiftri.khv.ru,3,5,0
vniiftri.khv.ru,4,5,0
vniiftri.khv.ru,5,5,0
vniiftri.khv.ru,6,5,0
vniiftri.khv.ru,7,4,0
vniiftri.khv.ru,8,5,0
vniiftri.khv.ru,9,6,0
vniiftri.khv.ru,11,5,0
vniiftri.khv.ru,12,5,0
vniiftri.khv.ru,13,5,0
vniiftri.khv.ru,14,5,0
vniiftri.khv.ru,15,5,0
vniiftri.khv.ru,16,5,0
vniiftri.khv.ru,17,4,0
vniiftri.khv.ru,18,5,0
vniiftri.khv.ru,20,6,0
vniiftri.khv.ru,21,6,0
vniiftri.khv.ru,22,6,0
vniiftri.khv.ru,23,5,0
vniiftri.khv.ru,24,5,0
vniiftri.khv.ru,25,5,0
vniiftri.khv.ru,26,5,0
vniiftri.khv.ru,28,3,0
vniiftri.khv.ru,29,6,0
vniiftri2.khv.ru,1,4,0
vniiftri2.khv.ru,2,5,0
vniiftri2.khv.ru,3,5,0
vniiftri2.khv.ru,4,5,0
vniiftri2.khv.ru,5,5,0
vniiftri2.khv.ru,6,5,0
vniiftri2.khv.ru,7,5,0
vniiftri2.khv.ru,8,5,0
vniiftri2.khv.ru,9,5,0
vniiftri2.khv.ru,10,5,0
vniiftri2.khv.ru,11,5,0
vniiftri2.khv.ru,12,5,0
vniiftri2.khv.ru,13,6,0
vniiftri2.khv.ru,15,6,0
vniiftri2.khv.ru,16,6,0
vniiftri2.khv.ru,17,6,0
vniiftri2.khv.ru,18,6,0
vniiftri2.khv.ru,19,5,0
vniiftri2.khv.ru,20,5,0
vniiftri2.khv.ru,21,5,0
vniiftri2.khv.ru,23,5,0
vniiftri2.khv.ru,24,5,0
vniiftri2.khv.ru,25,5,0
vniiftri2.khv.ru,26,5,0
vniiftri2.khv.ru,27,5,0
vniiftri2.khv.ru,28,5,0
vniiftri2.khv.ru,29,5,0
x.ns.gin.ntt.net,1,16,0
x.ns.gin.ntt.net,2,15,0
x.ns.gin.ntt.net,3,15,0
x.ns.gin.ntt.net,4,18,0
x.ns.gin.ntt.net,5,18,0
x.ns.gin.ntt.net,6,17,0
x.ns.gin.ntt.net,7,18,0
x.ns.gin.ntt.net,8,16,0
x.ns.gin.ntt.net,9,17,0
x.ns.gin.ntt.net,10,17,0
x.ns.gin.ntt.net,11,18,0
x.ns.gin.ntt.net,12,17,0
x.ns.gin.ntt.net,13,18,0
x.ns.gin.ntt.net,14,16,0
x.ns.gin.ntt.net,15,18,0
x.ns.gin.ntt.net,16,18,0
x.ns.gin.ntt.net,17,18,0
x.ns.gin.ntt.net,19,18,0
x.ns.gin.ntt.net,20,16,0
x.ns.gin.ntt.net,21,16,0
x.ns.gin.ntt.net,22,17,0
x.ns.gin.ntt.net,23,13,0
x.ns.gin.ntt.net,24,17,0
x.ns.gin.ntt.net,25,17,0
x.ns.gin.ntt.net,26,17,0
x.ns.gin.ntt.net,27,18,0
x.ns.gin.ntt.net,28,19,0
x.ns.gin.ntt.net,29,17,0
y.ns.gin.ntt.net,1,17,0
y.ns.gin.ntt.net,2,16,0
y.ns.gin.ntt.net,3,15,0
y.ns.gin.ntt.net,4,13,0
y.ns.gin.ntt.net,5,18,0
y.ns.gin.ntt.net,6,15,0
y.ns.gin.ntt.net,7,17,0
y.ns.gin.ntt.net,8,16,0
y.ns.gin.ntt.net,9,14,0
y.ns.gin.ntt.net,10,18,0
y.ns.gin.ntt.net,11,17,0
y.ns.gin.ntt.net,12,17,0
y.ns.gin.ntt.net,13,15,0
y.ns.gin.ntt.net,14,17,0
y.ns.gin.ntt.net,15,18,0
y.ns.gin.ntt.net,16,17,0
y.ns.gin.ntt.net,17,19,0
y.ns.gin.ntt.net,18,17,0
y.ns.gin.ntt.net,19,19,0
y.ns.gin.ntt.net,21,18,0
y.ns.gin.ntt.net,22,17,0
y.ns.gin.ntt.net,23,17,0
y.ns.gin.ntt.net,24,15,0
y.ns.gin.ntt.net,25,19,0
y.ns.gin.ntt.net,26,18,0
y.ns.gin.ntt.net,31,0,1
zeit.fu-berlin.de,1,13,0
zeit.fu-berlin.de,2,14,0
zeit.fu-berlin.de,3,14,0
zeit.fu-berlin.de,4,14,0
zeit.fu-berlin.de,5,16,0
zeit.fu-berlin.de,6,15,0
zeit.fu-berlin.de,7,15,0
zeit.fu-berlin.de,8,15,0
zeit.fu-berlin.de,9,16,0
zeit.fu-berlin.de,14,3,1
zeit.fu-berlin.de,15,16,0
zeit.fu-berlin.de,17,11,0
zeit.fu-berlin.de,18,16,0
zeit.fu-berlin.de,19,15,0
zeit.fu-berlin.de,20,15,0
zeit.fu-berlin.de,21,14,0
zeit.fu-berlin.de,22,14,0
zeit.fu-berlin.de,23,15,0
zeit.fu-berlin.de,24,16,0
zeit.fu-berlin.de,25,13,0
zeit.fu-berlin.de,26,13,0
zeit.fu-berlin.de,27,15,0
zeit.fu-berlin.de,28,15,0
zeit.fu-berlin.de,29,16,0
ntp2.usno.navy.mil,5,0,1
ntp2.usno.navy.mil,10,0,1
ntp2.usno.navy.mil,15,0,1
ntp2.usno.navy.mil,20,0,1
ntp2.usno.navy.mil,25,0,1
ntp2.usno.navy.mil,30,0,1
tick.usno.navy.mil,5,0,1
tick.usno.navy.mil,10,0,1
tick.usno.navy.mil,15,0,1
tick.usno.navy.mil,20,0,1
tick.usno.navy.mil,25,0,1
tick.usno.navy.mil,30,0,1
tock.usno.navy.mil,5,0,1
tock.usno.navy.mil,10,0,1
tock.usno.navy.mil,15,0,1
tock.usno.navy.mil,20,0,1
tock.usno.navy.mil,25,0,1
tock.usno.navy.mil,30,0,1
ntp.ubuntu.com,1,14,0
ntp.ubuntu.com,2,12,0
ntp.ubuntu.com,3,14,0
ntp.ubuntu.com,4,15,0
ntp.ubuntu.com,5,14,0
ntp.ubuntu.com,6,14,0
ntp.ubuntu.com,7,14,0
ntp.ubuntu.com,8,14,0
ntp.ubuntu.com,9,14,0
ntp.ubuntu.com,10,13,0
ntp.ubuntu.com,11,13,0
ntp.ubuntu.com,12,13,0
ntp.ubuntu.com,13,13,0
ntp.ubuntu.com,14,14,0
ntp.ubuntu.com,15,14,0
ntp.ubuntu.com,16,14,0
ntp.ubuntu.com,17,14,0
ntp.ubuntu.com,18,15,0
ntp.ubuntu.com,19,14,0
ntp.ubuntu.com,20,12,0
ntp.ubuntu.com,21,12,0
ntp.ubuntu.com,22,14,0
ntp.ubuntu.com,23,15,0
ntp.ubuntu.com,24,15,0
ntp.ubuntu.com,25,15,0
ntp.ubuntu.com,26,15,0
ntp.ubuntu.com,27,14,0
ntp.ubuntu.com,29,15,0
ntp.ubuntu.com,30,13,0
